speed_p	speed_r	speed_d	distance_d_p	distance_d_r	distance_d1_p	distance_d2_r	angle_d	angle_d1_p	angle_d2_r	possTimePre	possessionTime	flag
0.56	0.35	2.92	10.3	13.44	9.83	13.44	2.02	1.94	0.75	0.76	2.2	1
1.25	3.48	5.53	3.96	19.38	3.96	19.38	1.96	1.96	0.56	0.32	4.04	1
4.01	0.79	2.76	5.86	7.08	4.54	6.37	3.06	0.32	0.3	2.36	6.72	1
2.26	1.03	0.5	18.97	0.95	10.26	0.95	1.39	0.13	0.23	0.16	17.72	1
1.27	1.41	2.5	1.32	8.63	1.32	2.31	0.22	0.22	2.83	0	20.44	1
4.65	6.25	4.45	17.1	6.07	4.14	1.13	2.82	0	2.12	0	1.08	1
1.68	4.51	3.72	3.81	6.36	1.8	6.36	0.22	1.33	2.42	0	1.92	1
4.04	6.6	3.69	3.48	10.5	3.48	10.5	2.87	2.87	0.9	0	6.56	1
3.4	0.56	4.96	8.28	13.28	8.28	13.28	0.04	0.04	0.06	0	17.52	1
3.88	2.69	6.49	6.53	12.13	3.06	12.13	1.42	0.32	0.01	2.96	22.6	1
0.75	0.56	5.4	3.55	14.32	3.55	8.65	0.78	0.78	3.12	1.08	24.6	1
2.25	2.46	0.56	5.92	11.86	3.54	9.8	0.08	1.48	1.09	0.72	26.24	1
4.19	2.25	4.45	1.17	13.7	1.17	9.44	2.3	2.3	1.48	0.04	27.56	1
6.26	1.8	0.56	23.88	12.06	2.81	12.06	1.01	2.93	0.91	1.32	32.56	1
6.9	4.81	12.85	3.11	7.02	3.11	2.82	1.67	1.67	1.85	1.36	69.36	1
4.47	2	1.06	1.88	8.8	1.88	2.1	0.29	0.29	2.51	5.28	75.48	1
2.15	1.6	0.5	4.26	5.65	4.26	5.62	0.11	0.11	0.62	1.76	78.32	1
1.12	2.25	7.27	5.38	30.44	2.18	17.72	0.31	2.34	0.23	1	86.16	1
2.83	4.07	8.88	2.21	11.2	2.21	3.02	3.08	3.08	0.09	2.88	89.88	1
2.76	2.51	1.77	0.94	0.95	0.94	0.95	1.02	1.02	1.89	3.04	10.36	1
2.26	3.54	1.35	2.09	1.14	2.09	1.14	1.74	1.74	1	1.4	12.2	0
2.14	1.9	5.76	8.23	21.97	4.12	19.12	1.58	1.75	1.15	2.6	4.64	1
3.16	2.8	3.88	19.22	30.98	2.41	13.1	0.44	0.81	0.41	1.68	9.36	1
2.75	5.3	5.1	1.9	16.4	1.9	7.88	0.74	0.74	2.57	0.2	10.36	1
4.65	0.71	2.02	4.02	4.96	3.39	4.96	0.21	2.88	2.67	4.88	15.24	1
5.35	1.6	1.03	3.21	21.11	3.21	9.24	0.27	0.27	0.36	3.4	18.64	0
0.9	6.17	1.46	21.99	9.3	1.91	1.22	1.05	2	2.67	0.56	2.44	1
2.51	4.76	3.81	2.06	10.38	2.06	6.45	0.46	0.46	0.07	1.36	27.36	1
1.6	3.78	3.4	9.63	3.81	2.19	1.53	0.06	0.78	2.78	2.36	30.84	0
4.28	1.25	1.25	2.24	7.02	1.02	7.02	2.03	2.13	0.78	2.04	2.28	1
2.85	1.68	4.3	3.54	13.92	3.54	2.88	0.44	0.44	0.8	3.64	3.64	0
3.36	1.35	5.7	11.54	33.97	0.7	5.38	0.06	0.55	0.91	10.48	12.04	0
4.6	8.5	6.33	1.56	15.32	1.56	15.32	1.6	1.6	0.64	1.12	2.48	1
4.37	4.26	4.59	2.38	10.45	2.38	10.45	2.66	2.66	0.32	2.2	5.68	1
2.51	3.4	5.27	6.94	13.6	6.94	13.6	1.68	1.68	1.01	0.52	7.52	1
3.51	2.14	5.1	2.44	12.59	2.44	12.59	1.21	1.21	1.48	4.4	12.44	1
3.05	0.56	3.13	7.52	14.7	1.46	2.14	0.15	0.37	0.45	2.32	13.44	0
2.8	5.62	5.06	5.71	15.73	2.44	13.9	1.31	1.38	0.72	2.04	3.2	1
10.08	8.51	5.46	21.71	6.94	12.46	6.94	2.63	0.85	0.09	1.2	7.96	1
8.59	3.2	3.25	2.97	6.71	2.97	6	1.23	1.23	1.95	5.52	13.88	1
1.9	3.64	8.55	7.43	3.31	6.68	3.31	2.19	0.1	0.75	0.56	14.6	1
2.92	1.25	3.01	5.35	5.49	4.62	5.49	0.56	0.7	2.42	0.48	15.76	1
3.01	1.6	1	33.1	1.63	1.41	1.63	2.16	0.56	0.53	2.6	19.4	0
1.9	4.47	4.1	25	14.71	1.71	5.36	0.08	2.34	1.35	0	0.04	1
1.46	1.46	3.72	4.1	4.1	4.1	4.1	3.12	3.12	3.12	0.48	0.52	1
3.34	3.78	5.02	2.96	6	2.96	6	2.92	2.92	0.05	1.12	14.4	1
3.95	1.25	6.73	5.01	21.95	5.01	21.95	0.28	0.28	0.39	1.36	16.84	1
1.25	1.75	1.82	34.98	13.26	3.62	13.26	0.02	1.39	0.6	1.64	24.56	0
1.35	0.25	6.79	3.62	15.7	3.62	13.34	0.14	0.14	0.77	7.44	9.52	0
5.34	2.46	5.26	9.9	9.54	8.3	5.59	2.51	0.65	2.86	1.24	1.24	1
1.46	3.26	3.55	7.29	5.71	4.85	4.25	0.23	3.04	1.35	1.64	2	0
2.3	2.26	1	6.73	10.72	6.29	10.56	1.92	1.38	0.75	3.36	4.36	1
2.12	0.9	3.01	7.11	7.12	7.11	7.12	0.87	0.87	1.77	0.12	5.6	1
4.51	3.04	5.71	5.91	10.06	3.47	10.06	2.7	2.96	0.26	1.32	9.2	1
1.95	3.29	14.45	4.17	15.42	4.17	10.46	0.98	0.98	1.94	0.96	10.96	1
1.68	2.7	5.88	8.79	4.96	8.79	4.96	1.49	1.49	1.25	0.76	12.28	1
0.79	2.55	0.56	4.18	31.94	4.18	5.77	0.28	0.28	0.13	0.36	14.12	1
1.27	2.92	1.35	2.02	2.48	2.02	2.48	0.93	0.93	2.04	0.96	16.08	1
6.18	1.58	0.25	2.86	7.84	2.86	7.69	3.13	3.13	0.7	0.72	17.6	1
2.61	5.84	5.4	8.13	11.9	8.13	11.9	1.21	1.21	1.26	3.04	20.84	1
6.56	3.72	2.12	32.62	10.34	10.87	10.34	0.63	1.06	1.04	0	26.2	1
5.52	2.85	6.31	4.97	5.86	4.97	4.85	1.7	1.7	0.96	0	26.56	1
2.55	3.61	3.05	8.9	10.66	5.6	7.57	1.81	0.17	0.67	4.6	31.56	0
0.56	7.21	6.29	13.15	9.79	3.9	9	1.91	2.55	0.39	1.24	3.48	1
3.26	4.07	4.92	2.72	2.87	2.72	2.87	0.39	0.39	0.47	0.64	0.64	1
2.8	1.52	0.35	2.25	8.67	2.25	4.2	2.4	2.4	2.47	4.44	5.32	1
6.41	0.56	4.16	7.13	6.99	4.03	1.3	0.95	2.98	2.71	4.96	11.16	1
1	1.12	1.9	29.46	86.42	1.91	42.65	0.06	0.75	0.35	0.4	14.52	0
3.26	3	1.77	11.13	15.07	10.4	15.07	1.43	1.85	1.06	3.56	5.08	1
0.79	2.15	3.01	3.4	8.54	3.4	8.13	0.94	0.94	2.28	3.6	9	1
1.06	0.25	2.15	3.49	18.75	3.49	8.29	0.08	0.08	2.21	3.08	13.16	1
3.34	1.8	0.79	15.49	56.99	4.33	14.15	0.01	0.18	0.25	0.2	15.36	0
3.61	3.4	5.27	5.35	24.81	5.35	12.26	0.53	0.53	2.36	0.24	1.68	1
3.69	1.35	6.4	3.13	32.88	3.13	28.13	0.54	0.54	0.35	0.4	4	1
0.35	4.37	3.95	12.7	16.17	2.06	2.48	0.26	1.87	0.41	1.76	8.56	1
4.85	2.46	3.54	1	7.98	1	4.36	0.19	0.19	0.01	0	10.56	1
2.3	2.02	4.51	5.23	13.02	5.23	10.38	0.95	0.95	0.87	0	48.56	1
2.37	0.35	2.3	1.14	5.12	1.14	5.12	1.97	1.97	0.55	2.24	23.36	1
3.09	5.76	3.01	8.5	7.31	5.46	3.74	0.13	0.26	0.18	0	34.96	1
1.9	5.02	1.52	6	8.4	3.18	8.4	0.11	1.94	2.78	3.28	39.84	0
4.98	4.6	6.6	2.2	3.4	2.2	3.4	2.26	2.26	0.49	1.12	1.12	0
3.69	5.51	4.72	17.11	11.02	3.04	3.08	1	1.54	1.59	3.6	4.84	1
4.74	1.52	3.16	8.4	51.8	4.11	8.3	0.01	0.04	0.18	0	7.32	0
2.8	5.53	5.06	14.45	19.98	12.78	19.98	0.21	1.06	0.42	6.48	7.12	1
2.57	3.29	4.14	32.42	2.62	5.84	2.62	0.05	0.01	2.15	2.4	12.32	0
3.26	3.55	2.93	5	18.12	1.56	7.02	0.64	2.13	0.67	2.28	3.32	1
0.35	1.27	1.8	40.65	4.19	18.41	4.19	0	0.29	0.88	13.4	22.04	0
3.58	1.9	7.79	2.26	10.62	2.26	10.62	2.97	2.97	0.1	0	0.24	1
0.71	0.25	2.14	11.52	7.93	4.03	6.09	0.08	0.39	0.23	2.84	6.28	0
4.25	1.25	2.3	7.71	0.85	2.85	0.85	2.39	1.41	2.81	2	2.36	1
1	4.78	5.7	5.13	3.22	5.13	3.22	0.29	0.29	2.91	1.08	3.44	1
10.51	1.46	6.13	1.61	5.28	1.61	5.28	0.87	0.87	2.32	2	6.08	1
2.25	6.15	7.91	2.33	2.75	2.33	2.75	2.69	2.69	2.89	0.96	7.04	1
2.5	1.03	0.9	7.33	71	2.28	42.84	0.05	0.87	0.3	2.2	10.8	0
3.54	5.7	6.08	4.59	9.78	4.59	9.78	1.59	1.59	1.22	0.96	2.12	1
1.25	3.26	3.82	0.85	12.73	0.85	2.72	1.71	1.71	1.39	2.8	7.16	1
3.58	0.79	5.02	8.01	13.1	2.69	4.56	0.49	2.86	0.32	1.48	9.4	0
5.9	1.27	1.41	21.24	16.51	1.5	3.12	0.26	1.71	1.35	0.8	3.96	0
1.82	6.08	4.78	20.54	1.39	2.55	1.39	2.82	2.9	0.05	1.96	9.68	0
1.27	1.25	0.71	2.4	16.34	2.4	12.66	0.86	0.86	1.61	0	1.6	1
0.56	1.58	4.47	3.01	7.54	3.01	7.54	1.44	1.44	0.17	1.16	3.2	1
1.03	2.66	3.35	2.32	15.43	2.32	13.98	1.98	1.98	0.06	1.4	5.56	1
1.58	3.76	0.9	45.33	12.81	4.72	7.02	0.01	0.34	0.54	2.2	10.8	0
3.91	3.54	3.91	7.06	3.93	3.71	3.93	0.15	0.16	2.81	0.64	13	1
4.32	0.56	0.56	25.11	6.42	1.06	6.42	1.14	0.48	0.25	1	17.36	0
4.19	4.01	7.04	10.77	20.44	1.94	6.44	0.05	0	0.42	1.16	5.32	0
2.51	3.95	2.76	11.47	20.22	2.15	8.37	0.03	0.04	0.28	0.76	5.04	0
3.01	1.03	2.14	3.11	2.82	1.14	2.82	1.98	0.83	1.36	4.96	5.04	1
1.82	1.25	0.75	0.76	14.52	0.3	7.66	1.41	1.33	3.01	1.36	7	1
1.52	0.56	0.5	31.47	86.6	5.51	46.71	0.02	0.83	0.07	1.28	14.2	0
2.37	1.9	6.91	15.48	8.2	15.48	8.2	0.75	0.75	1.58	0.92	7.88	1
3.51	2.85	5.3	3.81	23.12	3.81	16.91	1.32	1.32	0.81	2.52	11.8	1
3.48	0.79	5.48	4.5	11.31	4.5	10.62	1.11	1.11	0.03	2.44	14.64	1
2.25	1.27	0.56	2.06	7.55	1.3	7.55	0.13	0.13	0.43	2.04	17	1
0.75	0.5	2.7	8.2	8.17	8.2	5.49	0.17	0.17	2.4	1.56	18.88	1
2.8	3.48	3.89	1.97	4.5	1.97	3.76	0.69	0.69	0.68	0.72	19.84	1
1	3.4	1.9	2.91	26.72	2.91	19.52	0.08	0.08	0.64	8.08	28.92	0
2.75	2.57	7.16	2.4	18.35	2.4	8.16	0.25	0.25	1.28	2.36	3.2	1
3.01	0.9	4.98	3.54	6.79	3.54	6.28	2.13	2.13	0.51	2.68	6.04	1
1	2.5	3.34	4.27	15.95	3.45	15.78	0.89	0.67	0.99	0.72	8.24	1
3.04	2.36	4.61	16.6	22.75	10.06	22.75	0.82	0.08	0.25	1.76	10.48	1
2.5	1.41	0.75	17.79	17.9	16.59	17.9	0.12	1.24	0.44	3.68	16.44	1
3.26	4.76	1.25	16.53	14.2	3.64	7.78	0.05	1.04	0.93	6.08	23.72	1
3.95	1.25	1.5	2.47	8.49	2.47	7.02	1.52	1.52	0.06	1.4	25.28	1
1.27	5.27	4.85	13.83	29.57	10.32	13.2	0.71	1.29	0.27	2.16	29.56	1
8.78	4.37	1.27	2.62	1.35	2.62	1.35	2.32	2.32	0.78	8.72	38.76	1
4.96	1.12	1.35	1.7	9.21	1.7	6.53	0.38	0.38	2.95	4.8	43.8	1
11.24	0.25	5.15	6.71	5.21	2.8	5.21	0.49	1.95	0.84	2.88	47	1
2	2.25	5.03	6.08	12.88	3.32	12.88	1.51	1.59	0.16	1.72	50.08	1
3.4	3.82	5.48	7.16	18.36	7.16	18.36	0.95	0.95	0.61	1.12	52.4	1
1.82	3	4.19	3.21	24.89	3.21	24.89	1.48	1.48	0.04	4.52	57.56	1
5.59	0.9	1.25	15.2	7.34	15.2	7.34	0.53	0.53	2.11	5.56	68.88	1
2.3	1.58	2.5	3.55	19.54	3.55	11.14	0.73	0.73	1.35	1.12	71.8	1
6.73	4.19	4.26	9.2	13.19	1.7	10.73	0.45	1.32	1.38	1.88	74.88	0
5.76	5.26	5.3	15.12	2.21	3.14	2.21	1.38	0.15	0.05	2.72	21.56	1
0.56	1.52	1.9	7.18	11.78	4.95	11.78	2.53	1.02	0.21	2.4	24.64	1
0.25	1.27	3.95	5.46	5.96	5.46	5.96	0.44	0.44	2.46	2.84	27.88	1
0.56	0.5	1.46	11.76	17.27	1.39	16.55	0.19	1.71	0.68	0.56	29.96	0
1.27	4.96	2.51	3.67	11.35	3.67	4.02	1.99	1.99	2.11	0	0.64	1
8.53	7.4	6.83	5.12	4.48	5.12	2.91	3.13	3.13	2.09	0.92	1.8	1
2.85	6.83	3.01	1.2	18.06	1.2	10.85	0.12	0.12	2.31	2.76	9.16	0
3.02	3.01	5.22	3.26	41.71	3.26	14.7	1.27	1.27	0.46	3.92	7.44	1
0.71	1.77	5.22	10.29	16.14	2.75	16.14	1.28	0.42	0.74	3	11.92	1
1.68	5.25	3.58	5.44	23.34	5.44	1.57	0.09	0.09	1.21	1.88	14.72	1
3.64	1.8	3.47	17.41	19.55	4.72	3.05	0.01	1.23	1.48	0.44	16.68	0
2.47	5.55	4.61	2.52	28.71	2.52	5.66	2.67	2.67	0.37	2.4	4.6	1
6.54	3.05	1.58	8.61	19.77	4.43	10.42	0.06	0.28	2.62	2.64	8.2	0
4.03	0.25	5.59	0.82	9.36	0.82	6.86	3.05	3.05	1.7	1.28	1.56	1
0.56	2.8	2.69	4.3	15.73	1.92	14.43	0.12	0.92	0.67	1.08	3.2	1
2.02	1.95	4.37	18.9	9.43	17.43	9.43	0.5	0.35	0.77	1.2	5.36	1
0.79	2.02	3.05	2.52	18.07	2.52	17.78	0.79	0.79	0.24	0.72	6.36	1
2.02	2.51	3.61	5.32	19.83	5.32	8.97	0.11	0.11	1.59	4.68	11.76	1
2.47	1.35	6.37	18.87	13.32	4.68	6.43	0.03	1.1	1.93	2.96	16	0
2.69	1.12	2.02	10.78	14.14	4.75	12.43	1.45	1.2	1.39	1.56	4	1
2.37	3.48	2.7	4.77	14.33	4.77	14.33	1.72	1.72	0.75	1.08	5.92	1
4.76	1.03	2.02	9.95	15.4	9.95	15.4	2.12	2.12	0.6	2.76	10.2	1
1.35	1.03	1.46	13.79	16.01	4.77	10.82	0.52	1.11	1.98	1.88	13.96	1
2.46	4.85	3.25	4.94	12.87	4.94	12.87	1.6	1.6	1.08	0.56	15.64	1
2.15	3.34	4.37	6.79	10.07	6.79	7	0.43	0.43	0.83	2.04	18.8	1
0.35	1.25	1.52	4.67	12.03	4.3	8.41	2.96	0.29	2.44	1.08	20.48	1
3.95	2.69	5.77	4.3	28.57	4.3	19.95	1.05	1.05	0.82	3.12	24.96	1
0.79	2.06	3.91	9.2	15.13	5.01	11.32	1.07	1.32	0.21	3	29.04	1
0.9	4.12	2.66	0.64	9.86	0.64	9.86	0.24	0.24	0.61	0.64	24.52	1
2.51	4.28	4.37	2.08	26.74	2.08	2.1	2.74	2.74	0.33	2.12	29.4	1
5.52	2.7	6.17	3.14	17.21	3.14	2.02	0.09	0.09	2.83	7.04	55.16	0
4.83	6.17	5.76	5.81	17.11	1.86	3.16	2.96	3.03	0.04	0.76	3.28	1
3.4	0.9	4.67	3.31	13.64	3.31	11.81	0.25	0.25	0.01	2	2.56	1
0.5	1.06	3.01	28.04	57.3	2.61	28.7	0.02	0.56	0.45	0.84	5.32	0
2	3.18	0.25	5.56	7.4	5.56	1.7	1.71	1.71	1.93	0.8	18.28	1
3.91	3.75	1.68	1.3	4.26	1.3	4.26	0.95	0.95	2.03	2.36	7.2	0
2.3	4.92	4.53	37.95	39.25	2.91	14.71	0.14	0.91	0.58	1.12	2.24	0
3.09	4.37	3.58	7.6	14.21	7.6	10.3	1.28	1.28	1.71	2.84	3.96	1
2.85	1.41	2.8	11.96	9.27	1.42	9.27	1.62	1.88	1.01	3.04	8.12	1
3.2	5.83	6.18	4.65	8.22	4.65	8.22	1.04	1.04	0.21	1.28	10.84	1
1.95	2.24	5.27	3.93	16.1	3.93	5.52	0.51	0.51	0.8	1.68	16.2	0
1.27	0.5	4.01	10.31	6.66	4.48	6.66	1.09	0.03	0.29	0.48	1.2	1
1.9	1.35	2.85	9.26	7	2.68	7	0.3	1.85	1.89	3.76	6.48	0
5.39	5.34	3.34	0.5	7.28	0.5	4.61	2.41	2.41	0.45	2.2	2.36	1
1.12	6.09	5.32	1.92	12.58	1.92	2.97	2.17	2.17	1.05	1.64	5.64	1
5.02	2.12	5.67	12.03	85.5	1.61	32.6	0.01	0.05	0.13	0	7.8	0
3.91	1.68	1.6	3.08	17.54	3.08	17.54	0.47	0.47	0.02	7.24	61.32	1
1.41	1.58	2.57	13.85	9.4	13.85	9.4	0.3	0.3	0.77	1.44	63.36	1
1.82	4.04	3.51	15.21	21.57	8.82	21.57	0.2	0.4	0.06	5.8	72.68	1
4.6	3.76	5.39	0.78	17.04	0.78	5.2	1	1	1.12	1	74.12	1
1.77	9.06	4.91	9.98	7	3.78	7	1.91	0.08	1.4	0.68	75.88	1
4.47	3.76	0.9	13.09	1.91	5.45	1.91	1.9	2.81	0.64	1.08	78.84	1
2.25	5.51	6.56	4.33	9.22	4.33	3.11	1.56	1.56	0.85	0.28	80.8	1
8.31	4.81	3.13	3.26	27.41	3.26	5.63	0.15	0.15	1.87	1.52	83.52	1
7.38	5.3	8.28	1.9	10.5	1.33	5.02	3.14	1.34	1.49	6.76	90.88	1
4.98	3.26	4.14	1.3	26.24	1.3	18.52	0.06	0.06	0.01	6.4	112	1
0.56	4.28	2.3	8.81	20.39	5.8	3.62	0.32	1.14	0.6	2.28	119.88	1
8.7	6.25	5.64	4.8	2.4	1.6	2.4	2.01	2.01	0.41	0	0.44	1
12.2	7.07	5.01	4.41	7.53	1.49	7.53	2.11	0.28	0.12	2.92	4.28	1
2.5	4.25	5.52	4.68	16.81	4.68	2.47	0.35	0.35	0.62	0.88	36.12	1
3.81	1.5	1.25	10.24	24.03	1.4	9.38	0.16	0.35	0.01	3.36	40.36	0
0.9	0.56	0.9	6.73	11.07	6.73	9.01	0.45	0.45	0.84	1.68	10.48	1
1.25	1.77	2.8	10.72	8.01	10.72	8.01	0.71	0.71	1.42	0	11.16	1
1	1.12	1.25	2.46	17.43	2.46	16.55	1.25	1.25	0.29	4.72	16.24	1
0.56	2.06	1.95	8.94	10.25	8.94	6.85	0.58	0.58	0.6	3.48	20.12	1
2.57	0.56	3.29	8.12	5.46	1.52	5.46	3.1	0.29	0.43	1.16	23.12	1
0.9	1.8	2.3	34.44	8.54	3.18	8.54	0.05	1.15	0.65	0	31.6	0
1.9	1.52	0.56	21.33	27.9	1.58	13.32	0.13	2.25	2.43	0.36	9.4	0
3.25	1.75	0.71	21.73	24.82	0.9	2.36	0.37	3.08	0.59	0.44	1.88	0
2.02	5.94	4.74	3.89	12.15	1.66	12.15	1.74	1.94	0.88	1.36	2.2	1
1.68	0.25	4	24.01	48.41	4.72	27.95	0.03	2.43	0.48	3.4	8.92	0
1.58	1.27	2.76	1.14	10	1.14	6.4	1.86	1.86	1.07	1.16	1.36	1
0.75	0.35	3.34	2.51	10.41	2.51	10.41	2.99	2.99	0.05	4.32	21.44	1
3.02	1.35	3.4	6.58	9.82	6.58	5.99	0.05	0.05	2.67	0.32	22.84	1
3.04	1.68	2.3	1.98	19.68	1.98	19.68	0.16	0.16	0.32	0.76	25.16	1
2.85	4.03	4.25	11.96	21.71	11.96	18.34	0.82	0.82	0.35	2.4	28.84	1
0.5	2.5	0.35	7.67	5.22	7.67	2.52	0.94	0.94	2.05	2.8	33.44	1
1.46	5.03	3.26	4.65	0.78	3.4	0.78	0.26	2.23	2.06	1.88	35.32	1
1.82	6.05	3.01	0.41	9.06	0.41	5.5	0.27	0.27	1.73	0.12	37.2	1
0.71	1.75	3.76	1.64	10.68	1.64	10.68	0.24	0.24	0.29	2.44	40.12	1
1.82	1.82	2.06	10.12	18.12	10.12	18.12	0.14	0.14	0.08	1.84	42.96	1
0.9	1.35	2.69	11.29	13.25	11.29	13.25	0.03	0.03	0.3	2.76	46.48	1
4.27	9.96	7.77	15.27	6.69	5.46	4.64	1.14	1.7	1.87	7.44	60.56	0
4.27	2.93	2.83	27.31	41.08	2.5	10.65	0.02	0.24	0.09	0.92	2.68	0
2.8	2.47	1.58	14.79	13.26	14.79	10.39	0.37	0.37	0.04	12.88	16.72	1
2.7	1.9	3.64	5.76	7.62	1.39	7.62	0.47	2.76	0.03	2.28	19.36	1
0.9	0.35	2.02	8.49	16.3	8.49	16.3	0.67	0.67	0.31	0.24	29.48	1
3.72	2.12	3.91	21.11	16.2	14.05	16.2	0.25	0.57	0.26	2.4	33.44	1
3.58	2.02	3.64	9.62	18.75	9.62	15.75	0.62	0.62	0.43	1.56	36.2	1
3.34	0.25	1.8	10.85	16.24	10.85	16.24	0.68	0.68	0.21	2.16	39.92	1
0.75	3.02	1.68	15.7	11.51	15.7	11.51	0.35	0.35	0.59	0.48	41.32	1
1.35	1.95	2.25	8.14	23.44	8.14	12.36	0.25	0.25	0.08	2.48	45.12	1
3.04	2.66	4.04	0.14	12.01	0.14	7.29	0.46	0.46	0.21	3.56	48.96	1
1.35	1.82	1.03	1.8	25.02	1.8	4.43	1.83	1.83	1.77	3	55.16	1
1.25	1.25	3.82	0.42	6.5	0.42	6.5	0.77	0.77	3.13	7.2	62.68	1
3.88	1.03	1.03	7.54	0.86	3.05	0.86	1.75	2.78	1.97	2.28	64.96	1
5.9	3.04	2.85	1.25	4.6	1.25	2.91	1.12	1.12	1.34	2.76	68.16	1
1.52	2.02	4.19	9.67	5.49	6.74	5.49	0.95	0.16	1.33	1.28	81.52	1
1.12	0.25	1.9	3.22	26.73	1.36	15.79	0.7	0.98	0.9	0.2	85.32	1
0.5	3.34	1.95	0.99	13.45	0.99	3.18	0.48	0.48	0.39	0.68	86.8	1
0.5	0	3.35	1.97	6.72	1.97	5.2	2.88	2.88	0.21	0.24	5.88	1
0.25	0	0.79	29.8	34.12	2.33	11.1	0.04	2	0.87	1.12	11.6	0
1.9	1.95	5.46	8.24	6.15	2.13	6.15	1	2.35	0.76	1.56	1.64	1
4.83	0.79	2.51	5.52	21.37	5.52	12.39	0.77	0.77	0.54	5.32	7.8	1
0.56	0.25	2.51	1.04	15.75	1.04	14.86	0.49	0.49	0.6	2	10.72	1
2.83	3.75	0.79	11.79	14	1.93	7.95	0.09	0.23	0.43	2.24	14.12	1
2.25	0.35	1.58	9.61	17.76	9.61	17.76	1.62	1.62	0.57	0	0.52	1
2.69	0.25	2.8	12.31	21.76	12.31	19.23	0.21	0.21	0.34	1.96	3.6	1
1	1.35	1.95	5.47	17.62	5.47	3.1	0.1	0.1	0.78	1.88	14.92	1
2.85	0.56	0.25	18.65	26.68	3.62	5.49	0.09	1.51	2.56	0.28	19.96	0
2.3	3.04	5.26	1.46	10.57	1.46	8.44	0.4	0.4	0.02	1.8	2.2	1
2.5	1.95	1.03	3.35	4.42	3.35	4.42	0.43	0.43	2.69	4.36	6.56	1
4.12	1.06	5.01	2.82	12.12	2.82	12.12	0.15	0.15	0.16	3.08	10.28	1
0.25	1.8	2.5	4.94	11.67	4.94	5.68	0.74	0.74	2.73	1.12	12.4	1
4.91	1.9	3.35	2.86	10.4	2.86	2.59	2.14	2.14	0.9	1.32	14.2	1
2.66	3.88	1.25	1.84	7.4	1.84	7.4	0.19	0.19	2.87	0.68	14.92	1
7.3	4.8	9.49	3.73	1.52	3.59	1.52	1.59	1.85	1.38	3.08	18	1
3.82	7.07	3.5	1.32	1.41	1.32	1.41	0.12	0.12	2.95	2.88	20.88	0
4.12	5.13	6.04	4.96	9.84	3.37	4.87	1.95	1.89	2.77	2.84	5.24	1
2.06	3.55	3.01	11.26	0.73	2.68	0.73	2.6	1.84	1.11	2.64	9.24	0
0.75	0.25	3.18	5.34	17.81	5.34	13.21	2.83	2.83	0.22	0	5.48	1
3.78	1.27	2.55	4.12	76.38	4.12	40.48	0.03	0.03	0.02	4.04	23.76	0
2.14	1.9	3.76	2.21	8.34	2.21	8.34	1.01	1.01	1.35	0.64	0.84	1
1.52	0.5	3.91	9.41	9.58	9.41	8.54	0.82	0.82	2.12	0	2.64	1
4.85	1.35	4.51	1.39	19.85	0.45	5.32	0.06	3.06	0.1	8.92	11.56	0
5.55	0.79	4.42	1.42	20.02	1.42	14.84	0.11	0.11	0.66	1.88	1.88	0
0.71	1.46	5.15	4.97	2.92	3.83	2.92	2.19	2.46	0.82	3.72	3.72	1
1.25	1.82	4.01	4.89	26.77	2.61	5.09	0.01	0.1	0.37	0.8	8.28	0
4.03	6.33	5.52	17.91	2.33	1.5	2.33	1.72	3.08	0.1	3.16	5.48	1
3.51	1.06	2.69	13.64	21.4	13.64	21.4	0.47	0.47	0.41	2.28	3.36	1
1.25	2.46	3.89	10.35	4.53	10.35	4.53	1.2	1.2	1.05	2.88	6.36	1
1.41	0.56	2.26	6.44	10.41	6.44	10.41	0.91	0.91	1.26	1.32	7.96	1
3.88	12.61	1.46	8.37	8.96	8.37	2.52	0.62	0.62	0.17	1.64	10.6	1
4.81	0.9	3.88	2.02	7.71	2.02	7.71	1.81	1.81	0.35	2.16	12.76	1
0.75	5.26	1.77	13.76	4.88	0.82	4.88	0.34	2.22	1.89	2.16	15.48	1
7.46	4.01	1.95	1.14	11.16	1.14	2.38	2.36	2.36	2.59	0.84	17.6	1
4.04	4.32	1.82	1.24	4.85	1.24	2.52	1.24	1.24	0.94	1.48	19.12	1
5.22	0.9	1.58	4.61	6	4.61	1.9	0.75	0.75	0.72	0.8	19.96	0
2.24	5.15	4.16	12.76	12.5	1.49	12.5	1.28	1.77	0.97	2.2	21.92	1
3.81	1.12	0.9	24.6	89.31	3.01	49.66	0.01	2.66	0.21	3.08	27.16	0
2.92	1.8	2.85	31.71	8.51	19.4	8.51	0.14	0.13	0.06	14.32	27.44	0
1.68	1.41	4.83	1.64	16.02	1.64	7.38	3.07	3.07	0.06	5.28	13.64	1
3.05	3.54	3.75	4.47	16.92	4.47	14.01	0.64	0.64	2.11	3.68	18.32	1
1.25	1.77	1.82	12.76	9.77	6.28	3.89	0.14	0.04	0.38	2.84	22.32	1
3.58	2.8	1.77	3.84	8.49	3.84	2.91	0.23	0.23	1.87	1.84	24.44	1
1.68	6.33	3.16	1.02	11.32	1.02	4.71	2.24	2.24	0.76	0.88	28.04	1
0.25	1.41	1.03	38.92	20.59	5.68	4.95	0.05	0.62	2.35	1.96	74.4	0
1.6	3.51	3.58	8.22	11.05	8.22	5.55	0.11	0.11	0.53	0.44	1.48	1
3.04	6.4	3.25	17.67	14.33	4.14	3.16	1.06	1.42	2.93	2.64	5.52	1
6.37	7.75	8.2	10.41	4.85	6.23	4.85	0.85	2.01	2.18	0.64	7.88	1
4.37	3.2	0.9	3.92	9.44	2.12	4.62	0.65	0.74	0.88	7.64	12.76	1
5.49	3.01	5.3	4.4	8.84	3.41	8.84	0.76	1.18	0.33	2	15.96	1
2.93	7.21	5.66	6.11	22.52	6.11	22.52	2.18	2.18	0.39	1.16	18.84	1
1.25	3.58	3.64	4.26	6.63	4.26	0.71	0.31	0.31	0.51	2.6	23.56	1
1.35	1.27	0.71	0.72	11.4	0.72	9.51	0.02	0.02	0.39	2.6	26.16	0
2.75	0.5	3.16	1.17	9.26	1.17	9.26	1.91	1.91	2.08	3.96	4.68	1
1.12	2.46	4.07	56.6	68.4	6.08	5.11	0.01	0.15	1.22	1.92	11.12	0
0.79	2.15	1.27	31.64	20.39	7.66	5.91	0.01	0.33	0.11	7.4	12.2	0
8.75	2.14	2.02	1.87	2.24	1.87	2.24	2.81	2.81	2.6	1.52	1.52	1
2.14	0.5	3.76	3.11	7.99	2.24	7.99	1.47	0.47	1.91	0	2.28	1
4.65	1.03	3.58	4.65	1.73	1.43	1.73	2.55	0.99	0.3	3.12	5.64	1
3.05	1.68	2.8	6.4	6.62	6.4	6.62	0.21	0.21	0.23	1.4	7.4	1
2.5	3.51	2.61	15.21	10.79	2.55	10.58	0.74	1.26	0.24	1.52	10.48	1
8.5	10.04	2.83	4.96	2.14	3.74	2.14	0.48	2.77	2.66	1.64	12.12	1
4.04	3.01	3.69	4.06	10.54	4.06	7.48	0.53	0.53	1.48	2.2	14.88	1
1.9	0.25	2.92	5.36	12.3	5.36	12.3	1.77	1.77	1.18	1.76	17.12	1
5.88	1.25	1.27	2.26	11.03	2.26	9.74	0.37	0.37	0.86	4.4	22.36	1
4.1	3.29	2.8	1.84	10.4	1.32	7.38	1.15	2.65	0.57	1.84	25.2	1
3.02	6.8	8.19	5.28	16.6	5.28	16.6	2.93	2.93	1.13	0.84	27.64	1
1.35	1.25	2.85	13.3	5.65	8.19	5.65	0.17	0.23	2.84	0	1.36	0
0.9	2.02	3.26	6.16	3.32	1.1	3.32	1.99	0.62	0.24	0.4	0.92	1
0.56	1.25	2.55	1.65	7.32	1.65	5.03	1.37	1.37	1.56	0.64	1.88	1
1.77	2.37	4.45	6.35	4.08	1.58	2.06	0.28	0.23	0.6	0.56	3.28	0
2.66	1.06	1.27	3.69	22.49	3.69	3.86	0.14	0.14	0.13	1.4	1.84	0
2.69	0.71	5.76	2.31	4.16	2.31	3.93	0.01	0.01	1.18	0.32	0.64	1
3.4	2.02	3.26	4.05	15.7	3.98	15.47	2.23	0.5	1.03	3.52	4.56	1
2.3	3.36	3.82	13.46	9.34	11.44	9.34	0.39	1.16	0.08	1.32	6.44	1
3.01	0.56	1.41	17.7	10.08	3.11	8.93	0.05	1.68	2.93	1.48	6.8	0
2.3	1.9	3.51	3.77	10.52	1.79	5.19	0.18	0.27	1.71	4.08	4.08	0
2.7	4.07	4.43	1.04	8.99	1.04	8.12	1.11	1.11	0.51	2.52	3	1
4.91	6.49	5.06	1	2.1	1	2.1	2.04	2.04	1.04	6.44	9.44	0
